{
  // Use IntelliSense to learn about possible attributes.
  // Hover to view descriptions of existing attributes.
  "version": "0.2.0",
  "configurations": [
    
    {
      "cwd": "${workspaceRoot}",
      "executable": "./bin/executable.elf",
      "name": "Debug with OpenOCD",
      "request": "launch",
      "type": "cortex-debug",
      "servertype": "openocd",
      "configFiles": [],
      "searchDir": [],
      "runToEntryPoint": "main",
      "showDevDebugOutput": "none"
    }
  ]
}
